,City Name,Country Code,Latitude,Longitude,Temperature (F),Humidity (%),Cloudiness (%),Wind Speed (mph)
0,brae,gb,60.4,-1.35,50.77,76.0,64.0,13.87
2,hermanus,za,-34.42,19.24,45.84,93.0,68.0,3.58
4,atuona,pf,-9.8,-139.03,80.31,100.0,92.0,19.69
5,klaksvik,fo,62.23,-6.59,50.0,93.0,44.0,17.22
6,port alfred,za,-33.59,26.89,56.82,100.0,0.0,3.24
7,seoni,in,22.09,79.55,76.44,88.0,12.0,7.61
8,talcahuano,cl,-36.72,-73.12,46.4,75.0,0.0,3.36
9,rikitea,pf,-23.12,-134.97,75.99,100.0,0.0,13.42
10,susanville,us,40.42,-120.65,89.6,17.0,1.0,5.82
11,chokurdakh,ru,70.62,147.9,50.16,81.0,44.0,14.65
13,ilo,pe,-17.65,-71.34,56.46,100.0,88.0,2.91
14,puerto ayora,ec,-0.74,-90.35,75.2,73.0,75.0,17.22
15,saint-philippe,re,-21.36,55.77,69.1,55.0,20.0,8.05
16,poum,nc,-20.23,164.02,72.66,100.0,0.0,13.87
17,castro,cl,-42.48,-73.76,46.29,100.0,88.0,3.69
18,coquimbo,cl,-29.95,-71.34,48.2,93.0,0.0,6.93
20,harper,lr,4.38,-7.71,77.16,100.0,92.0,13.09
22,east london,za,-33.02,27.91,65.91,100.0,0.0,12.97
23,georgetown,sh,-7.93,-14.42,76.98,100.0,80.0,16.22
24,oktyabrskiy,ru,55.61,37.97,55.98,82.0,75.0,8.95
26,sfantu gheorghe,ro,44.65,26.83,55.4,93.0,0.0,4.7
27,arraial do cabo,br,-22.97,-42.02,72.39,93.0,0.0,13.53
28,punta alta,ar,-27.46,-55.82,55.4,93.0,90.0,6.93
29,barraute,ca,48.43,-77.63,64.4,17.0,20.0,13.87
30,puerto leguizamo,co,-0.19,-74.78,77.34,90.0,36.0,2.24
32,mar del plata,ar,-46.43,-67.52,41.88,64.0,0.0,14.09
33,paamiut,gl,61.99,-49.67,38.01,100.0,88.0,13.65
34,albany,au,-35.02,117.88,44.94,83.0,0.0,11.18
35,kodiak,us,39.95,-94.76,78.8,74.0,1.0,4.7
36,pinawa,ca,50.15,-95.88,73.65,57.0,0.0,12.08
39,severo-kurilsk,ru,50.68,156.12,47.73,93.0,12.0,4.92
41,hommelvik,no,63.41,10.8,51.8,100.0,75.0,2.24
42,nikolskoye,ru,59.7,30.79,50.0,87.0,40.0,6.71
43,yar-sale,ru,66.83,70.83,49.8,79.0,80.0,11.52
44,cape town,za,-33.93,18.42,51.8,87.0,0.0,9.17
45,salalah,om,17.01,54.1,80.6,88.0,75.0,8.05
46,barrow,us,39.51,-90.4,79.77,78.0,1.0,5.82
47,saint-augustin,ca,45.63,-73.98,59.59,87.0,90.0,4.7
48,antalaha,mg,-14.9,50.28,69.33,100.0,100.0,13.65
49,hobart,au,-42.88,147.33,51.8,66.0,75.0,10.29
50,bluff,nz,-46.6,168.33,46.74,100.0,76.0,27.51
51,tsogni,ga,-2.79,10.1,73.47,100.0,12.0,8.5
52,wa,gh,10.06,-2.51,71.04,98.0,92.0,7.16
53,hami,cn,42.84,93.51,71.58,46.0,20.0,3.58
54,saskylakh,ru,71.97,114.09,47.55,100.0,92.0,12.3
55,sitka,us,37.17,-99.65,77.7,77.0,44.0,9.4
56,busselton,au,-33.64,115.35,59.7,100.0,0.0,18.45
58,punta arenas,cl,-53.16,-70.91,37.4,86.0,75.0,14.99
60,port blair,in,11.67,92.75,82.11,100.0,88.0,20.02
61,avarua,ck,-21.21,-159.78,78.8,88.0,75.0,6.93
63,sao joao da barra,br,-21.64,-41.05,74.91,96.0,0.0,15.99
66,hrubieszow,pl,50.8,23.89,50.16,96.0,36.0,6.93
67,cidreira,br,-30.17,-50.22,53.58,99.0,92.0,6.6
68,victoria,sc,-4.62,55.45,78.8,83.0,40.0,10.29
69,hilo,us,19.71,-155.08,78.8,78.0,90.0,10.29
70,port hardy,ca,50.7,-127.42,57.2,93.0,90.0,5.82
71,amazar,ru,53.86,120.88,53.76,99.0,92.0,8.61
72,yellowknife,ca,62.45,-114.38,69.8,52.0,20.0,16.11
73,hithadhoo,mv,-0.6,73.08,79.41,100.0,8.0,1.9
74,stokmarknes,no,68.56,14.91,47.91,99.0,92.0,11.74
75,makakilo city,us,21.35,-158.09,82.98,54.0,75.0,11.41
76,kavieng,pg,-2.57,150.8,83.1,100.0,48.0,8.16
78,napoleon,us,46.5,-99.77,71.6,78.0,75.0,9.17
79,touros,br,-5.2,-35.46,79.5,80.0,88.0,19.01
80,ushuaia,ar,-54.81,-68.31,32.0,100.0,75.0,4.7
81,quatre cocos,mu,-20.21,57.76,69.8,88.0,75.0,3.36
83,laramie,us,41.31,-105.59,57.31,58.0,75.0,16.11
84,gobabis,na,-22.45,18.97,37.02,59.0,0.0,4.14
85,vila velha,br,-3.71,-38.6,78.8,78.0,0.0,5.82
86,kamenka,ru,53.19,44.05,70.23,35.0,20.0,7.16
87,ribeira grande,pt,38.52,-28.7,67.08,100.0,100.0,7.38
88,lima,pe,-12.06,-77.04,57.99,76.0,12.0,2.57
89,bambous virieux,mu,-20.34,57.76,69.8,88.0,75.0,3.36
90,nurobod,uz,40.91,69.8,68.0,49.0,0.0,4.7
91,jining,cn,35.41,116.58,77.16,98.0,92.0,9.95
92,torbay,ca,47.66,-52.73,51.8,100.0,75.0,5.82
93,taltal,cl,-25.41,-70.49,48.72,97.0,0.0,1.68
94,narsaq,gl,60.91,-46.05,39.2,86.0,90.0,8.05
95,chimbote,pe,-9.08,-78.59,62.4,95.0,0.0,8.5
96,leningradskiy,ru,69.38,178.42,32.52,99.0,100.0,1.12
97,kwakoa,tz,-3.77,37.72,56.01,91.0,24.0,1.12
98,sorland,no,67.67,12.69,49.08,96.0,92.0,17.56
100,kapaa,us,22.08,-159.32,81.41,69.0,75.0,19.46
101,ferrol,es,43.48,-8.23,61.79,93.0,90.0,5.82
102,zhigansk,ru,66.77,123.37,62.67,88.0,68.0,3.02
103,vaini,to,-21.2,-175.2,77.0,88.0,90.0,5.82
104,souillac,mu,-20.52,57.52,69.8,88.0,75.0,3.36
105,luderitz,na,-26.65,15.16,49.08,93.0,20.0,10.96
106,longyearbyen,sj,78.22,15.64,41.0,93.0,75.0,12.75
107,bathsheba,bb,13.22,-59.52,77.0,94.0,75.0,32.21
108,kruisfontein,za,-34.0,24.73,54.3,96.0,12.0,9.06
109,butaritari,ki,3.07,172.79,82.29,100.0,36.0,9.62
111,antofagasta,cl,-23.65,-70.4,57.2,76.0,90.0,13.87
112,mezen,ru,65.85,44.24,58.08,65.0,48.0,4.36
113,sola,vu,-13.88,167.55,80.6,78.0,75.0,5.82
114,ponta do sol,cv,17.2,-25.09,72.12,100.0,0.0,12.97
115,mount isa,au,-20.73,139.49,69.8,60.0,76.0,11.41
116,paracatu,br,-17.22,-46.87,64.2,69.0,0.0,5.7
117,ilulissat,gl,69.22,-51.1,37.4,86.0,75.0,5.82
118,new norfolk,au,-42.78,147.06,51.8,66.0,75.0,10.29
121,ballina,au,-28.87,153.57,62.22,100.0,56.0,11.41
122,dikson,ru,73.51,80.55,34.41,97.0,8.0,8.28
123,lompoc,us,34.64,-120.46,68.05,87.0,90.0,6.93
124,tasiilaq,gl,65.61,-37.64,35.6,93.0,92.0,1.12
125,norman wells,ca,65.28,-126.83,48.2,81.0,90.0,10.29
126,carnarvon,au,-24.87,113.63,57.09,100.0,0.0,19.8
127,wembley,ca,55.15,-119.14,78.8,34.0,75.0,16.11
128,thompson,ca,55.74,-97.86,78.8,29.0,20.0,11.41
130,moers,de,51.45,6.63,56.73,87.0,75.0,6.93
131,hofn,is,64.25,-15.21,48.81,99.0,92.0,23.15
132,birjand,ir,32.86,59.22,73.4,17.0,0.0,9.17
133,clyde river,ca,70.47,-68.59,39.2,86.0,90.0,4.7
134,iralaya,hn,15.0,-83.23,82.92,83.0,92.0,10.4
135,beruwala,lk,6.48,79.98,78.42,100.0,80.0,7.16
137,hasaki,jp,35.73,140.83,80.6,57.0,0.0,4.7
138,jamestown,sh,-15.94,-5.72,70.59,100.0,0.0,20.92
139,khatanga,ru,71.98,102.47,50.16,82.0,20.0,13.87
140,jalu,ly,29.03,21.55,79.5,31.0,0.0,11.74
141,port elizabeth,za,-33.92,25.57,51.8,87.0,20.0,5.82
142,mahebourg,mu,-20.41,57.7,69.8,88.0,75.0,3.36
143,bardiyah,ly,31.76,25.09,74.19,97.0,0.0,7.38
144,tianpeng,cn,28.88,112.34,83.01,83.0,8.0,10.85
145,kolosovka,ru,56.47,73.61,57.36,95.0,20.0,8.61
146,boyuibe,bo,-20.43,-63.28,56.82,60.0,92.0,5.14
147,koltubanovskiy,ru,52.94,52.03,66.63,72.0,0.0,3.24
148,tessalit,ml,20.2,1.01,91.74,18.0,92.0,4.7
149,lebu,cl,-37.62,-73.65,49.62,100.0,88.0,3.69
151,huescar,es,37.81,-2.54,57.9,80.0,0.0,2.24
152,ryotsu,jp,38.08,138.43,69.8,77.0,75.0,9.17
153,mezhova,ua,48.26,36.73,55.02,80.0,0.0,3.69
154,manaus,br,-3.13,-59.98,78.76,78.0,0.0,2.24
156,vardo,no,70.37,31.11,47.82,91.0,12.0,5.93
157,chuy,uy,-33.69,-53.46,41.43,95.0,88.0,4.36
158,nanma,cn,35.7,113.14,72.66,88.0,76.0,1.34
159,tamale,gh,9.4,-0.84,71.67,98.0,100.0,6.71
160,seoul,kr,37.57,126.98,77.43,60.0,92.0,6.93
161,mogadishu,so,2.04,45.34,76.98,100.0,88.0,20.36
162,cherskiy,ru,68.75,161.3,53.76,44.0,0.0,6.15
163,tuatapere,nz,-46.13,167.69,43.32,100.0,92.0,21.25
164,arvika,se,59.65,12.59,53.6,76.0,56.0,4.7
165,madimba,tz,-10.4,40.33,74.19,100.0,0.0,11.63
166,fershampenuaz,ru,53.52,59.82,53.76,81.0,0.0,3.24
167,darnah,ly,32.77,22.64,76.62,98.0,0.0,13.65
169,eenhana,na,-17.48,16.34,48.36,44.0,0.0,5.26
170,havre-saint-pierre,ca,50.23,-63.6,50.0,87.0,20.0,2.24
172,puerto colombia,co,10.99,-74.96,78.8,100.0,40.0,2.24
175,mount darwin,zw,-16.77,31.58,51.24,90.0,0.0,5.03
176,rawson,ar,-43.3,-65.11,48.54,47.0,20.0,15.99
177,berbera,so,10.44,45.01,80.22,55.0,76.0,6.49
179,mgandu,tz,-5.96,34.11,58.17,64.0,0.0,9.06
180,los llanos de aridane,es,28.66,-17.92,68.0,72.0,0.0,5.82
181,el congo,sv,13.91,-89.5,81.23,69.0,0.0,1.12
184,provideniya,ru,64.42,-173.23,46.4,81.0,75.0,6.71
185,balabag,ph,6.81,125.28,84.2,70.0,20.0,2.24
186,cockburn town,tc,21.46,-71.14,82.29,97.0,56.0,20.92
187,ponta delgada,pt,37.73,-25.67,66.2,77.0,20.0,3.36
188,anjiang,cn,27.32,110.14,78.42,86.0,0.0,3.36
189,portland,au,-33.35,149.98,40.98,85.0,0.0,2.46
191,anina,ro,45.09,21.85,48.2,100.0,0.0,2.24
192,nanortalik,gl,60.14,-45.24,36.12,100.0,88.0,11.18
193,prince rupert,ca,54.32,-130.32,57.2,82.0,90.0,4.7
194,necochea,ar,-38.55,-58.74,37.65,79.0,0.0,14.43
195,shishou,cn,29.72,112.42,83.46,82.0,12.0,12.97
196,kahului,us,20.89,-156.47,80.49,66.0,40.0,23.04
197,katesh,tz,-4.52,35.39,58.44,72.0,0.0,8.72
199,forio,it,40.73,13.86,67.39,56.0,0.0,1.12
200,obo,cf,5.39,26.49,67.62,88.0,20.0,2.91
201,ostrovnoy,ru,68.05,39.51,55.2,76.0,92.0,2.91
202,amapa,br,-1.83,-56.23,77.61,92.0,32.0,3.58
203,arroyo,us,41.39,-78.88,68.29,93.0,90.0,9.17
205,jurm,af,36.86,70.83,35.13,99.0,8.0,1.57
206,harstad,no,68.8,16.53,46.4,93.0,92.0,5.82
207,zory,pl,50.05,18.7,52.72,93.0,75.0,4.7
208,kenitra,ma,34.26,-6.57,68.0,72.0,90.0,2.24
209,albion,mu,-20.21,57.4,69.8,88.0,75.0,3.36
210,bethel,us,60.79,-161.76,62.6,45.0,90.0,4.7
212,abha,sa,18.22,42.5,69.69,33.0,0.0,1.79
213,donskoye,ru,45.45,41.98,66.2,82.0,20.0,4.47
214,mackenzie,ca,55.34,-123.09,57.2,71.0,90.0,2.24
215,akdepe,tm,42.05,59.39,69.33,59.0,0.0,3.13
217,nikolayevsk-na-amure,ru,53.14,140.72,50.34,81.0,12.0,3.69
218,iqaluit,ca,63.75,-68.52,41.0,86.0,40.0,17.22
219,frontera,mx,18.53,-92.64,86.0,66.0,40.0,6.93
220,guerrero negro,mx,27.97,-114.04,75.0,56.0,0.0,9.95
221,helong,cn,25.94,116.13,79.68,78.0,8.0,4.25
222,remontnoye,ru,46.56,43.66,71.6,68.0,0.0,8.95
223,alvaraes,br,-3.22,-64.8,79.68,81.0,64.0,3.58
224,liwale,tz,-9.8,37.92,63.39,75.0,0.0,5.48
225,ampanihy,mg,-24.69,44.75,59.25,91.0,0.0,6.93
226,abeche,td,13.83,20.83,74.28,68.0,36.0,1.9
228,berezovka,ru,57.6,57.31,56.1,82.0,0.0,3.47
229,nome,us,30.04,-94.42,86.0,70.0,40.0,6.93
230,tuktoyaktuk,ca,69.44,-133.03,42.8,75.0,75.0,12.75
232,cabo san lucas,mx,22.89,-109.91,82.69,61.0,5.0,13.87
233,fortuna,us,40.6,-124.16,60.19,87.0,90.0,9.17
234,monastyrishche,ru,44.19,132.5,65.28,90.0,48.0,3.91
235,boa vista,br,2.82,-60.67,82.4,78.0,40.0,2.24
236,bredasdorp,za,-34.53,20.04,53.6,71.0,76.0,3.36
237,saint george,bm,32.38,-64.68,78.8,88.0,20.0,13.87
238,cockburn town,bs,24.03,-74.52,83.64,91.0,24.0,15.1
239,kirakira,sb,-10.46,161.92,78.78,100.0,80.0,10.63
241,sorong,id,-0.86,131.25,79.32,100.0,20.0,2.24
243,man,ci,7.41,-7.55,69.06,99.0,92.0,2.68
244,upernavik,gl,72.79,-56.15,29.46,100.0,56.0,11.63
245,nuuk,gl,64.17,-51.74,35.6,100.0,76.0,10.29
246,oistins,bb,13.07,-59.53,77.0,94.0,75.0,32.21
247,tiksi,ru,71.64,128.87,49.35,72.0,68.0,7.72
248,pisco,pe,-13.71,-76.2,62.6,82.0,40.0,4.7
249,sao jose da coroa grande,br,-8.9,-35.15,75.63,83.0,92.0,10.4
250,smithers,ca,54.78,-127.17,62.6,51.0,75.0,8.05
251,talnakh,ru,69.49,88.39,58.98,78.0,44.0,7.61
252,fort nelson,ca,58.81,-122.69,75.2,38.0,75.0,3.36
253,raymond,ca,49.47,-112.67,78.8,44.0,20.0,4.7
254,saldanha,za,-33.01,17.94,51.8,87.0,76.0,2.24
255,amudat,ug,1.95,34.95,55.38,91.0,24.0,2.57
256,arica,cl,-18.48,-70.32,59.72,72.0,90.0,5.82
257,bud,no,62.91,6.91,52.95,82.0,92.0,10.29
258,alice springs,au,-23.7,133.88,53.6,40.0,0.0,10.29
259,jiaozuo,cn,35.21,113.25,72.12,98.0,92.0,3.24
260,sechura,pe,-5.56,-80.82,70.41,80.0,24.0,12.75
261,roebourne,au,-20.77,117.15,56.28,38.0,0.0,18.12
262,tocopilla,cl,-22.09,-70.2,56.28,100.0,44.0,6.38
263,aklavik,ca,68.22,-135.01,51.8,57.0,75.0,9.17
264,honiara,sb,-9.43,159.96,87.8,70.0,40.0,6.93
265,fairbanks,us,64.84,-147.72,68.0,32.0,36.0,5.82
267,urbana,us,40.11,-88.21,76.6,69.0,1.0,5.82
268,lazaro cardenas,mx,28.39,-105.62,96.8,15.0,75.0,8.05
269,saint-joseph,re,-21.37,55.62,69.17,55.0,20.0,8.05
270,romanovskaya,ru,47.54,42.02,67.08,89.0,0.0,3.69
271,nabire,id,-3.36,135.5,73.29,87.0,24.0,1.68
272,vitim,ru,59.44,112.57,68.34,76.0,0.0,3.24
273,gimli,ca,50.63,-96.99,73.74,72.0,0.0,11.41
274,henties bay,na,-22.12,14.28,54.66,100.0,8.0,5.59
276,itarema,br,-2.92,-39.92,79.59,72.0,8.0,14.32
277,margate,za,-30.86,30.37,61.59,89.0,0.0,12.86
278,guacui,br,-20.78,-41.68,61.14,90.0,0.0,2.68
279,samarai,pg,-10.62,150.67,77.52,100.0,80.0,15.21
280,grass valley,us,39.22,-121.06,89.4,25.0,1.0,3.36
281,nazilli,tr,37.91,28.32,64.02,75.0,0.0,1.57
282,lincoln,us,40.8,-96.67,80.98,65.0,1.0,8.05
283,bandar-e lengeh,ir,26.56,54.88,80.6,83.0,0.0,18.23
284,murrhardt,de,48.98,9.58,55.85,67.0,75.0,5.82
285,presidencia roque saenz pena,ar,-26.79,-60.44,54.66,49.0,80.0,9.73
286,shediac,ca,46.22,-64.55,51.8,93.0,90.0,12.75
287,college,us,64.86,-147.8,68.0,32.0,36.0,5.82
288,caluquembe,ao,-13.78,14.68,43.05,64.0,0.0,2.35
289,abu kamal,sy,34.45,40.92,76.53,42.0,0.0,9.51
290,pacific grove,us,36.62,-121.92,66.22,72.0,90.0,14.99
291,safford,us,32.83,-109.71,96.8,11.0,1.0,20.8
292,bonthe,sl,7.53,-12.5,77.16,96.0,92.0,4.59
293,westport,ie,53.8,-9.52,48.45,92.0,0.0,3.36
294,port hedland,au,-20.31,118.58,66.2,25.0,0.0,20.8
295,dangriga,bz,16.97,-88.23,84.2,79.0,40.0,9.17
297,alekseyevsk,ru,57.84,108.35,67.26,67.0,24.0,6.6
298,husavik,is,66.04,-17.34,48.2,93.0,90.0,2.24
299,roding,de,49.19,12.52,51.8,93.0,90.0,2.68
300,tongzi,cn,28.78,105.09,77.16,98.0,80.0,5.03
301,alugan,ph,12.22,125.48,82.56,99.0,64.0,4.7
302,richards bay,za,-28.77,32.06,54.48,99.0,0.0,4.14
304,kargil,in,34.57,76.1,31.8,100.0,92.0,1.12
305,rosehearty,gb,57.7,-2.11,46.4,93.0,0.0,2.24
306,vestmanna,fo,62.16,-7.17,50.0,93.0,56.0,17.22
307,bridlington,gb,54.08,-0.19,52.47,93.0,0.0,2.24
308,diamantino,br,-14.4,-56.44,71.04,69.0,0.0,1.12
310,san policarpo,ph,12.18,125.51,82.56,99.0,64.0,4.7
312,batticaloa,lk,7.71,81.69,78.87,100.0,12.0,10.96
314,yulara,au,-25.24,130.99,51.8,40.0,0.0,11.41
315,pontes e lacerda,br,-15.23,-59.33,70.41,80.0,0.0,3.36
316,washington,us,38.9,-77.04,75.87,100.0,20.0,6.71
317,mtsamboro,yt,-12.7,45.07,75.2,83.0,0.0,9.17
318,vostok,ru,46.45,135.83,57.54,63.0,0.0,2.35
319,bogorodskoye,ru,52.37,140.44,54.03,75.0,32.0,3.02
321,sur,om,22.57,59.53,88.59,84.0,92.0,5.93
322,ziniare,bf,12.58,-1.3,77.0,88.0,20.0,6.93
325,san cristobal,ec,-1.02,-79.44,63.12,96.0,80.0,1.34
326,megion,ru,61.04,76.11,59.0,100.0,20.0,2.24
327,lagoa,pt,37.14,-8.45,68.0,72.0,0.0,5.82
328,broome,au,-17.97,122.23,62.6,33.0,0.0,16.11
329,mandla,in,22.6,80.37,77.52,86.0,0.0,6.15
330,faanui,pf,-16.48,-151.75,81.39,99.0,8.0,19.8
331,zharkent,kz,44.17,80,51.51,85.0,92.0,2.24
332,namibe,ao,-15.19,12.15,68.52,100.0,0.0,7.61
333,hambantota,lk,6.12,81.12,78.42,100.0,20.0,14.43
334,kieta,pg,-6.22,155.63,82.47,94.0,36.0,8.05
335,pangnirtung,ca,66.15,-65.72,33.51,99.0,64.0,6.71
336,balsas,br,-7.53,-46.04,76.53,37.0,0.0,8.72
337,soanierana ivongo,mg,-16.92,49.59,73.29,100.0,68.0,12.19
338,shubarshi,kz,48.59,57.19,62.04,74.0,0.0,3.13
339,mudgee,au,-32.6,149.59,44.94,94.0,0.0,5.14
340,ubinskoye,ru,55.31,79.68,65.01,80.0,76.0,8.28
341,rumoi,jp,43.93,141.67,53.6,81.0,75.0,10.29
342,kavaratti,in,10.57,72.64,78.33,100.0,76.0,18.79
343,buala,sb,-8.15,159.59,79.95,100.0,92.0,7.61
344,grand gaube,mu,-20.01,57.66,69.8,88.0,75.0,3.36
346,merauke,id,-8.49,140.4,80.22,82.0,76.0,13.42
347,geraldton,au,-28.77,114.6,51.8,71.0,0.0,13.87
348,hobyo,so,5.35,48.53,75.72,81.0,36.0,18.01
349,caledonia,ca,43.07,-79.95,66.18,88.0,75.0,4.7
350,lufilufi,ws,-13.87,-171.6,81.84,100.0,88.0,11.07
351,marakkanam,in,12.2,79.95,77.16,100.0,88.0,6.71
352,qaanaaq,gl,77.48,-69.36,31.26,100.0,56.0,3.69
354,pevek,ru,69.7,170.27,35.49,92.0,24.0,4.36
355,sanandaj,ir,35.31,47,50.52,74.0,0.0,2.46
356,yumen,cn,40.29,97.04,70.59,44.0,100.0,9.17
357,carutapera,br,-1.2,-46.02,80.85,78.0,12.0,8.5
358,batagay,ru,67.65,134.64,77.88,54.0,32.0,4.36
359,nagua,do,19.37,-69.85,76.98,100.0,48.0,3.91
361,bangui,cf,4.39,18.55,75.2,100.0,20.0,2.24
362,ahuimanu,us,21.44,-157.84,83.01,61.0,90.0,14.99
363,lavrentiya,ru,65.58,-170.99,39.27,96.0,80.0,7.16
364,bilma,ne,18.69,12.92,81.39,31.0,20.0,3.36
365,caravelas,br,-17.73,-39.27,77.07,98.0,0.0,10.74
366,kondinskoye,ru,59.65,67.41,54.12,73.0,12.0,6.15
367,gushikawa,jp,26.35,127.87,85.33,70.0,40.0,8.05
368,sisimiut,gl,66.94,-53.67,31.44,100.0,76.0,1.23
369,udachnyy,ru,66.42,112.4,71.85,63.0,0.0,3.24
370,carbonia,it,39.17,8.53,63.54,93.0,20.0,3.36
371,mao,td,14.12,15.31,79.41,65.0,44.0,11.07
372,primorsk,ru,60.37,28.62,55.29,92.0,0.0,10.29
373,mehamn,no,71.03,27.85,45.3,89.0,48.0,12.19
374,hamilton,bm,32.3,-64.78,78.8,88.0,20.0,13.87
376,coos bay,us,43.37,-124.22,59.9,82.0,90.0,12.75
377,san carlos de bariloche,ar,-41.13,-71.31,39.2,80.0,75.0,20.8
378,saint-pierre,pm,46.77,-56.17,50.0,93.0,75.0,6.93
380,padampur,in,29.71,73.62,82.92,58.0,64.0,5.03
381,muswellbrook,au,-32.27,150.89,47.28,83.0,0.0,3.36
382,tsumeb,na,-19.25,17.72,42.24,48.0,0.0,5.26
383,wanning,cn,18.8,110.4,82.74,100.0,56.0,11.18
384,thinadhoo,mv,0.53,72.93,81.84,100.0,76.0,3.91
385,constitucion,mx,23.99,-104.67,75.2,33.0,90.0,13.87
386,scarborough,tt,11.18,-60.73,80.6,78.0,20.0,9.17
387,monze,zm,-16.28,27.48,52.68,82.0,20.0,4.25
388,yining,cn,29.04,114.56,81.03,83.0,0.0,3.36
389,bagdarin,ru,54.44,113.59,51.06,99.0,92.0,7.38
390,imbituba,br,-28.24,-48.67,57.2,93.0,75.0,6.93
391,alofi,nu,-19.06,-169.92,78.8,88.0,36.0,12.75
394,naze,jp,28.37,129.48,77.0,94.0,75.0,6.93
395,azuaga,es,38.26,-5.68,72.3,48.0,0.0,7.27
396,mount gambier,au,-37.83,140.78,46.92,95.0,80.0,2.68
398,buwenge,ug,0.65,33.17,60.33,93.0,32.0,3.13
399,bilibino,ru,68.06,166.44,53.94,100.0,92.0,2.91
400,manokwari,id,-0.87,134.08,80.58,100.0,20.0,5.59
401,mecca,sa,21.43,39.83,93.2,46.0,0.0,2.13
402,gamba,ga,-2.72,10.02,73.47,100.0,12.0,8.5
403,kupang,id,-10.16,123.6,82.4,61.0,20.0,17.22
404,nouadhibou,mr,20.93,-17.03,68.0,77.0,0.0,16.11
405,esperance,au,-33.86,121.89,38.01,87.0,0.0,5.93
406,moindou,nc,-21.69,165.68,75.2,47.0,0.0,11.41
407,oyama,jp,36.31,139.8,80.6,57.0,40.0,2.24
408,kiknur,ru,57.3,47.21,67.98,75.0,12.0,2.91
409,kalmunai,lk,7.42,81.82,72.48,99.0,24.0,3.02
410,zarubino,ru,42.65,131.06,66.54,76.0,48.0,4.36
411,sirjan,ir,29.44,55.67,57.63,26.0,0.0,3.13
412,giussano,it,45.7,9.21,64.38,64.0,0.0,5.82
413,yeniseysk,ru,58.45,92.17,70.77,51.0,8.0,3.91
414,vanimo,pg,-2.67,141.3,81.48,100.0,24.0,6.82
415,nata,bw,-20.21,26.19,57.09,43.0,0.0,11.63
416,sept-iles,ca,50.2,-66.38,51.8,81.0,40.0,2.24
417,lethem,gy,3.38,-59.8,72.57,97.0,76.0,3.13
418,atar,mr,20.52,-13.05,83.64,25.0,0.0,8.72
419,palmer,us,61.6,-149.11,58.23,67.0,90.0,5.82
421,la ronge,ca,55.1,-105.3,73.4,69.0,40.0,11.41
422,sabha,ly,27.03,14.43,77.7,29.0,0.0,8.84
423,hukuntsi,bw,-23.98,21.76,40.17,56.0,0.0,3.69
424,alexandria,ca,45.31,-74.64,60.17,93.0,90.0,9.17
425,sri aman,my,1.24,111.46,75.2,100.0,75.0,2.68
427,juybar,ir,36.64,52.91,71.6,88.0,0.0,2.24
428,mizdah,ly,31.45,12.98,65.46,76.0,0.0,3.58
429,east haddam,us,41.45,-72.46,68.14,100.0,90.0,6.71
430,otane,nz,-39.89,176.62,50.25,69.0,8.0,11.86
431,khandbari,np,27.38,87.21,44.76,65.0,88.0,1.9
432,datong,cn,40.09,113.3,71.67,62.0,92.0,3.13
433,adrar,dz,27.87,-0.29,87.8,15.0,0.0,4.36
434,lorengau,pg,-2.02,147.27,82.38,100.0,12.0,7.38
435,sao filipe,cv,14.9,-24.5,73.38,100.0,36.0,10.29
436,pasighat,in,28.06,95.33,68.79,96.0,92.0,1.34
437,katsuura,jp,33.93,134.5,78.8,65.0,0.0,4.7
439,ixtapa,mx,20.71,-105.21,84.2,83.0,75.0,11.41
440,loviisa,fi,60.46,26.23,57.2,82.0,90.0,4.7
441,namwala,zm,-15.75,26.45,51.78,92.0,0.0,7.16
442,yerbogachen,ru,61.28,108.01,72.66,67.0,0.0,4.25
443,muyezerskiy,ru,63.93,31.65,57.36,63.0,100.0,3.91
444,diego de almagro,cl,-26.39,-70.05,48.63,98.0,0.0,1.68
445,neuquen,ar,-38.95,-68.06,41.0,56.0,0.0,11.41
446,pitimbu,br,-7.47,-34.81,73.4,83.0,75.0,5.82
447,viedma,ar,-40.81,-62.99,49.26,37.0,8.0,15.32
448,grand-santi,gf,4.27,-54.38,71.22,100.0,92.0,2.35
449,chatra,in,24.21,84.87,86.0,79.0,75.0,9.17
450,rio branco,br,-9.98,-67.82,75.2,88.0,0.0,2.24
452,jiexiu,cn,37.02,111.92,73.02,70.0,92.0,3.8
454,haapiti,pf,-17.57,-149.87,84.2,62.0,20.0,6.93
455,de-kastri,ru,51.48,140.77,48.9,89.0,20.0,3.58
456,dingle,ie,52.14,-10.27,56.01,97.0,8.0,1.68
458,pestovo,ru,55.36,37.98,56.19,82.0,75.0,8.95
459,muros,es,42.77,-9.06,62.6,100.0,90.0,1.12
460,xilitla,mx,21.39,-98.99,83.19,68.0,44.0,4.14
461,marsh harbour,bs,26.54,-77.06,75.18,100.0,88.0,4.7
462,ygatimi,py,-24.08,-55.5,75.36,64.0,0.0,4.81
463,pasco,us,46.24,-119.1,93.63,23.0,1.0,9.17
465,gizo,sb,-8.1,156.84,82.11,100.0,56.0,22.7
466,beneditinos,br,-5.46,-42.36,77.0,69.0,0.0,3.36
467,juneau,us,58.3,-134.42,57.99,77.0,90.0,5.82
468,senanga,zm,-16.1,23.3,53.31,73.0,0.0,3.13
469,arriaga,mx,16.24,-93.9,84.81,72.0,12.0,5.14
470,vila franca do campo,pt,37.72,-25.43,66.2,77.0,20.0,3.36
471,aksu,cn,41.12,80.26,56.46,87.0,76.0,2.57
472,tiznit,ma,29.7,-9.73,64.38,94.0,100.0,3.91
473,sardulgarh,in,29.7,75.25,82.11,55.0,8.0,5.37
475,santa rosa,ar,-36.62,-64.29,41.07,41.0,0.0,12.53
476,takoradi,gh,4.89,-1.75,76.53,95.0,68.0,8.61
477,aranda de duero,es,41.67,-3.69,59.61,70.0,8.0,4.03
478,teya,ru,60.37,92.63,72.21,56.0,0.0,3.24
479,najran,sa,17.54,44.22,77.0,20.0,0.0,2.13
480,mucurapo,tt,10.67,-61.53,75.2,100.0,75.0,11.41
481,ust-nera,ru,64.57,143.24,65.19,39.0,12.0,2.68
482,nelson,ca,49.49,-117.29,87.8,29.0,40.0,16.11
483,fallon,us,46.84,-105.12,71.6,68.0,20.0,8.05
484,coro,ve,11.41,-69.67,81.66,76.0,32.0,14.54
485,corinto,ni,12.48,-87.17,81.84,76.0,56.0,3.58
486,comodoro rivadavia,ar,-45.87,-67.48,44.6,65.0,0.0,9.17
487,khandyga,ru,62.65,135.58,64.83,56.0,44.0,3.24
488,mareeba,au,-16.99,145.42,75.2,64.0,75.0,12.75
489,cedar city,us,37.68,-113.06,87.8,5.0,1.0,9.17
490,ossora,ru,59.24,163.07,55.83,83.0,0.0,3.91
491,kaitangata,nz,-46.28,169.85,40.62,96.0,88.0,23.04
492,onega,ru,63.91,38.09,59.07,84.0,88.0,12.64
493,birecik,tr,37.03,37.98,71.6,60.0,0.0,4.7
494,sonamura,in,23.47,91.27,77.0,100.0,90.0,4.7
495,baruun-urt,mn,46.68,113.28,66.72,52.0,0.0,5.82
496,nalut,ly,31.86,10.98,70.86,55.0,0.0,3.8
497,haines junction,ca,60.75,-137.51,57.72,35.0,80.0,2.91
498,walvis bay,na,-22.95,14.51,51.8,81.0,0.0,1.12
499,tolaga bay,nz,-38.37,178.3,56.46,73.0,12.0,13.2
500,havelock,us,34.88,-76.9,72.32,94.0,40.0,13.87
501,jumla,np,29.28,82.18,36.48,90.0,0.0,2.68
503,ratnagiri,in,16.98,73.3,75.36,100.0,92.0,12.19
504,verkhnevilyuysk,ru,63.45,120.31,72.21,47.0,36.0,3.58
505,sampit,id,-2.54,112.95,72.12,99.0,92.0,5.14
506,waingapu,id,-9.65,120.26,75.18,76.0,0.0,10.96
507,atambua,id,-9.11,124.89,76.8,100.0,0.0,13.76
508,lahad datu,my,5.02,118.33,79.59,91.0,48.0,2.01
509,razam,in,18.45,83.66,75.63,90.0,20.0,2.91
510,krasnoye,ru,44.87,39.46,66.2,88.0,0.0,6.71
511,barra patuca,hn,15.8,-84.28,82.38,92.0,76.0,14.65
512,road town,vg,18.42,-64.62,82.4,69.0,1.0,9.17
513,oranjemund,na,-28.55,16.43,58.71,98.0,12.0,17.45
514,ambovombe,mg,-25.18,46.09,62.4,98.0,0.0,6.38
515,bilecik,tr,40.14,29.98,62.11,82.0,40.0,2.24
516,deputatskiy,ru,69.3,139.9,76.26,28.0,8.0,3.69
517,farsund,no,58.09,6.8,56.28,90.0,0.0,14.65
518,vredendal,za,-31.68,18.49,38.82,86.0,36.0,2.57
519,taoudenni,ml,22.68,-3.98,81.39,11.0,0.0,10.29
520,iracoubo,gf,5.48,-53.21,77.43,89.0,80.0,3.24
521,noyabrsk,ru,63.2,75.45,56.91,100.0,56.0,8.72
522,port lincoln,au,-34.72,135.86,53.94,100.0,56.0,6.6
523,vanderhoof,ca,54.02,-124.02,58.89,61.0,92.0,3.36
524,alexandria,us,38.81,-77.05,76.39,74.0,75.0,9.17
525,maceio,br,-9.67,-35.74,73.4,83.0,40.0,4.7
526,sobolevo,ru,54.43,31.9,53.76,88.0,68.0,4.7
527,kikwit,cd,-5.04,18.82,71.58,87.0,68.0,3.13
528,ajdabiya,ly,30.75,20.22,69.87,79.0,0.0,8.61
529,sinnamary,gf,5.38,-52.96,78.78,100.0,64.0,8.05
530,zeya,ru,53.74,127.27,66.63,56.0,68.0,3.47
531,arlit,ne,18.74,7.39,82.02,52.0,56.0,10.4
532,turukhansk,ru,65.8,87.96,64.74,87.0,44.0,4.47
533,stepnyak,kz,52.83,70.79,55.38,97.0,80.0,8.72
534,minsk,by,53.9,27.56,48.2,93.0,0.0,6.71
535,dzaoudzi,yt,-12.79,45.27,77.0,78.0,0.0,8.05
538,ancud,cl,-41.87,-73.83,48.63,97.0,92.0,5.48
539,kalabo,zm,-15.0,22.67,57.63,53.0,8.0,8.61
540,prabumulih,id,-3.5,104.19,70.5,99.0,92.0,6.71
541,yangjiang,cn,21.85,111.96,76.08,100.0,92.0,10.63
543,mumbwa,zm,-14.99,27.06,56.91,57.0,0.0,9.28
547,ibotirama,br,-12.18,-43.22,72.66,56.0,0.0,11.18
548,agirish,ru,61.92,63.02,55.02,71.0,0.0,4.7
549,flagstaff,us,35.2,-111.65,84.29,12.0,1.0,13.87
550,basco,ph,20.45,121.97,85.17,98.0,88.0,6.15
551,gouyave,gd,12.16,-61.73,82.4,74.0,40.0,16.11
552,pangkalanbuun,id,-2.68,111.62,71.58,100.0,92.0,2.91
553,san andres,co,8.22,-76.58,80.6,83.0,75.0,3.36
554,lanzhou,cn,36.06,103.82,64.4,82.0,75.0,2.24
555,kailua,us,21.39,-157.74,83.03,61.0,90.0,14.99
556,sijunjung,id,-0.69,100.95,67.98,98.0,64.0,1.34
557,auki,sb,-8.77,160.7,79.23,100.0,56.0,5.7
558,woodward,us,36.43,-99.39,77.47,64.0,40.0,13.87
559,la presa,mx,26.94,-108.84,92.64,33.0,48.0,2.91
560,xiongzhou,cn,32.34,118.83,86.0,74.0,44.0,4.47
561,ozieri,it,40.59,9,61.54,93.0,0.0,4.7
562,santa marta,co,11.24,-74.21,82.4,83.0,40.0,19.91
563,weston,us,42.37,-71.3,69.28,100.0,75.0,3.36
564,korla,cn,41.76,86.15,62.76,64.0,64.0,3.91
566,katherine,au,-14.47,132.26,75.2,57.0,12.0,11.41
567,port-gentil,ga,-0.72,8.78,75.72,100.0,68.0,8.61
568,gisborne,nz,-38.66,178.02,56.46,73.0,12.0,13.2
569,kungurtug,ru,50.6,97.53,56.28,71.0,0.0,3.13
570,kamyshlov,ru,56.85,62.71,59.88,67.0,12.0,8.39
571,belmonte,br,-26.84,-53.58,63.84,97.0,80.0,4.59
572,homer,us,59.64,-151.54,56.34,76.0,90.0,10.29
573,flinders,au,-34.58,150.85,51.8,57.0,0.0,10.29
574,junin,pe,-16.45,-71.58,57.2,17.0,0.0,6.93
